source	poem	Coding_annotated	Coding_predicted
九云记 Record of the Nine Clouds	怜渠最为玉人亲，步步睡随不暂舍。 烛灭罗帏解带时，使你抛却象牀下。	character portraiture	part of a scene or a plot
九尾狐 The Nine-Tailed Fox	回眸一笑转秋波，纵不相怜亦奈何。 闻说扃愁妆阁里，凭溪闲看野鸳多。	character portraiture	character portraiture
九尾狐 The Nine-Tailed Fox	剑气能开海国春，居然豪侠独超人。 骄奢态度温柔骨，致使嗤为姹女身。	character portraiture	character portraiture
九尾狐 The Nine-Tailed Fox	兰蕙同心原绰约，荪荃竟自体芬芳。 薛涛风度今犹在，翠袖殷勤捧玉觞。	character portraiture	character portraiture
九尾狐 The Nine-Tailed Fox	双声拟补合欢词，空费相思十二时。 欲乞彩鸾新韵笔，晓妆替尔画蛾眉。	character portraiture	part of a scene or a plot
九尾狐 The Nine-Tailed Fox	阳春白雪畴能和，国色天香信足夸。 月旦评卿惟七字，明珠无价玉无瑕。	character portraiture	character portraiture
九尾狐 The Nine-Tailed Fox	曾见垂髫度曲时，丹青难画比娇痴。 奈何欲嫁黄幡绰，生恐他年怅别离。	character portraiture	character portraiture
九尾狐 The Nine-Tailed Fox	枳棘凤鸾岂愿栖，樊笼鹦鹉漫相羁。 知卿非比章台柳，莫怨东风好自持。	character portraiture	commentary
九尾狐 The Nine-Tailed Fox	芳心一点浑无主，粉面双涡倍有情。 尤物天生谁享受，爱他一笑独倾城。	character portraiture	character portraiture
九尾狐 The Nine-Tailed Fox	双成风调绛仙才，曾向瑶台小谪来。 犹记盈盈年十五，淞滨争说是花魁。	character portraiture	character portraiture
九尾狐 The Nine-Tailed Fox	秋水为神玉为骨，芙蓉如面柳如眉。 江州旧有青衫泪，垂暮逢卿莫恨迟。	character portraiture	character portraiture
风月梦 Dream of Wind and Moon	迷魂阵势布平康，埋伏多般仔细防。 柳帜花幡威莫敌，轻刀辣斧勇难当。 频舒笑脸勾魂魄，轻启朱唇吸脑浆。 陷入网罗谁打破，能征莫若不临场。	character portraiture	opening teaser
一层楼 The One-Story Pavilion	栖桐双雀齐长成，缘尽一雀飞远程， 失伴孤雀只一个，长夜悲啼无人应。	character portraiture	part of a scene or a plot
九尾狐 The Nine-Tailed Fox	桃腮杏脸面芙蓉，色艳如花香更浓。 安得驻颜丹一服，百年永见此娇容。	character portraiture	character portraiture
镜花缘 Flowers in the Mirror	逐浪随波几度秋，此身幸未付东流。 今朝才到源头处，岂肯操舟复出游！	character portraiture	opening teaser
九尾狐 The Nine-Tailed Fox	珠围翠绕粉香浓，云想衣裳花想容。 爱煞卿卿多媚骨，能教蜂蝶尽迷踪。	character portraiture	character portraiture
	天风吹玉佩，白云何披离。 巫山何夜雨，愿湿襄王衣。	character portraiture	part of a scene or a plot
	相逢花满天，相别花在地。 春色如梦中，弱水杳千里。	character portraiture	part of a scene or a plot
	楚客西游路入秦，酒楼来醉洛阳春。 月中丹桂谁先折？今代文章自有人。 天津桥上杨花飞，珠珀重重映夕辉。 侧耳要听歌一曲，锦筵谁复舞罗衣。 花枝羞杀玉人妆，未吐纤歌口已香。 待得梁尘飞尽后，洞房花烛贺新郎。	character portraiture	opening teaser
	可怜不世艳，娇美可人心。 秋色画双黛，月痕垂一簪。 白堕梨花影，香拖杨柳阴。 情深不肯浅，欲语又沉吟。	character portraiture	character portraiture
	天津桥下阳春水，天津桥上繁华子。 马声回合青云外，人影摇动绿波里。 绿波清回玉为砂，青云离披锦作霞。 此日遨游遇美女，此时歌舞宿娼家。 娼家美女郁金香，飞去飞来公子觞。 的的朱帘白日映，娥娥玉颜红粉妆。 花际徘徊双蛱蝶，池边顾步两鸳鸯。 倾国倾城汉武帝，为云为雨楚襄王。 古来容光人所羡，况复今日遥相见。 愿作轻罗着细腰，愿为明镜分娇面。 与君相向转相亲，与君双栖共一身。	character portraiture	character portraiture
	皎皎庞貌俊俏，宛然玉树临风。 满目端明秀色，正是齿白唇红。	character portraiture	character portraiture
	杏脸光含玉，春山眉戴青。 秋波留淑意，隔帘环佩声。	character portraiture	character portraiture
	画角晚钟何须急，独怕黄昏又黄昏， 怃然欲睡睡不得，半是离愁半恨心。	character portraiture	part of a scene or a plot
	草色初绿蝶初飞，忍疾花园行徘徊， 南风不吹我愁去，啼鸟却使肺腑靡。	character portraiture	part of a scene or a plot
	暮雨细细不入寐，晨鸟唧唧催人起， 昨夜梦中多少事，对镜饰发是犹非	character portraiture	character portraiture
	垂柳吐芽深闭门，鸟迁高枝啼断魂， 往日多少伤怀事，柳丝鸟鸣牵出心。	character portraiture	part of a scene or a plot
	仙女缘业原似梦，情侣爱欲终是虚， 桃花流水依旧在，刘阮复往路已非。	character portraiture	concluding remarks
	灵淑钟来气独清，翻怜尘浊误虚名； 梅魂冶淡兰香媚，更有谁人肖婉卿。	character portraiture	character portraiture
	去国离乡二十年，于今衣锦返家园。 蜂采百花成蜜后，为谁辛苦为谁甜！	character portraiture	character portraiture
	十分妩媚十分娇，豆蔻春含颊晕潮。 记得女牛渡河夕，凭栏怅望鹊填桥。	character portraiture	character portraiture
	花谢花飞花满天，红消香断有谁怜？ 游丝软系飘春榭，落絮轻沾扑绣帘。 闺中女儿惜春暮，愁绪满怀无释处， 手把花锄出绣闺，忍踏落花来复去。 柳丝榆荚自芳菲，不管桃飘与李飞。 桃李明年能再发，明年闺中知有谁？ 三月香巢已垒成，梁间燕子太无情！ 明年花发虽可啄，却不道人去梁空巢也倾。 一年三百六十日，风刀霜剑严相逼， 明媚鲜妍能几时，一朝飘泊难寻觅。 花开易见落难寻，阶前闷杀葬花人， 独倚花锄泪暗洒，洒上空枝见血痕。 杜鹃无语正黄昏，荷锄归去掩重门。 青灯照壁人初睡，冷雨敲窗被未温。 怪奴底事倍伤神，半为怜春半恼春： 怜春忽至恼忽去，至又无言去不闻。 昨宵庭外悲歌发，知是花魂与鸟魂？ 花魂鸟魂总难留，鸟自无言花自羞。 愿奴胁下生双翼，随花飞到天尽头。 天尽头，何处有香丘？ 未若锦囊收艳骨，一え净土掩风流。 质本洁来还洁去，强于污淖陷渠沟。 尔今死去侬收葬，未卜侬身何日丧？ 侬今葬花人笑痴，他年葬侬知是谁？ 试看春残花渐落，便是红颜老死时。 一朝春尽红颜老，花落人亡两不知！	character portraiture	part of a scene or a plot
	霞绡云幄任铺陈，隔巷蟆更听未真。 枕上轻寒窗外雨，眼前春色梦中人。 盈盈烛泪因谁泣，点点花愁为我嗔。 自是小鬟娇懒惯，拥衾不耐笑言频。	character portraiture	character portraiture
	倦绣佳人幽梦长，金笼鹦鹉唤茶汤。 窗明麝月开宫镜，室霭檀云品御香。 琥珀杯倾荷露滑，玻璃槛纳柳风凉。 水亭处处齐纨动，帘卷朱楼罢晚妆。	character portraiture	opening teaser
	绛芸轩里绝喧哗，桂魄流光浸茜纱。 苔锁石纹容睡鹤，井飘桐露湿栖鸦。 抱衾婢至舒金凤，倚槛人归落翠花。 静夜不眠因酒渴，沉烟重拨索烹茶。	character portraiture	character portraiture
	怅望西风抱闷思，蓼红苇白断肠时。 空篱旧圃秋无迹，瘦月清霜梦有知。 念念心随归雁远，寥寥坐听晚砧痴， 谁怜我为黄花病，慰语重阳会有期。	character portraiture	part of a scene or a plot
	梅魂竹梦已三更，锦やむ衾睡未成。 松影一庭惟见鹤，梨花满地不闻莺。 女儿翠袖诗怀冷，公子金貂酒力轻。 却喜侍儿知试茗，扫将新雪及时烹。	character portraiture	part of a scene or a plot
	无赖诗魔昏晓侵，绕篱欹石自沉音。 毫端蕴秀临霜写，口齿噙香对月吟。 满纸自怜题素怨，片言谁解诉秋心。 一从陶令平章后，千古高风说到今。	character portraiture	commentary
	诗余戏笔不知狂，岂是丹青费较量。 聚叶泼成千点墨，攒花染出几痕霜。 淡浓神会风前影，跳脱秋生腕底香。 莫认东篱闲采掇，粘屏聊以慰重阳。	character portraiture	opening teaser
	欲讯秋情众莫知，喃喃负手叩东篱。 孤标傲世偕谁隐，一样花开为底迟？ 圃露庭霜何寂寞，鸿归蛩病可相思？ 休言举世无谈者，解语何妨片语时。	character portraiture	opening teaser
	秋光叠叠复重重，潜度偷移三径中。 窗隔疏灯描远近，篱筛破月锁玲珑。 寒芳留照魂应驻，霜印传神梦也空。 珍重暗香休踏碎，凭谁醉眼认朦胧。	character portraiture	part of a scene or a plot
	瓶供篱栽日日忙，折来休认镜中妆。 长安公子因花癖，彭泽先生是酒狂。 短鬓冷沾三径露，葛巾香染九秋霜。 高情不入时人眼，拍手凭他笑路旁。	character portraiture	character portraiture
	露凝霜重渐倾欹，宴赏才过小雪时。 蒂有余香金淡泊，枝无全叶翠离披。 半床落月蛩声病，万里寒云雁阵迟。 明岁秋风知再会，暂时分手莫相思。	character portraiture	concluding remarks
	别圃移来贵比金，一丛浅淡一丛深。 萧疏篱畔科头坐，清冷香中抱膝吟。 数去更无君傲世，看来惟有我知音。 秋光荏苒休辜负，相对原宜惜寸阴。	character portraiture	commentary
	情天情海幻情身，情既相逢必主淫。漫言不肖皆荣出，造衅开端实在宁。	character portraiture	character portraiture
	一足高来一足低，浑身带水又拖泥。 相逢若问家何处，却在蓬莱弱水西。	character portraiture	part of a scene or a plot
	秋水精神瑞雪飘，芳容嫩质更娇烧。 看来工指纤纤软，行去金莲步步娇。 凤眼半弯藏琥珀，朱唇一点露英瑶。 自是生香花解语，千金良价更难消。	character portraiture	character portraiture
	携锄秋圃自移来，篱畔庭前故故栽。 昨夜不期经雨活，今朝犹喜带霜开。 冷吟秋色诗千首，醉酹寒香酒一杯。 泉溉泥封勤护惜，好知井径绝尘埃。	character portraiture	opening teaser
	闲趁霜晴试一游，酒杯药盏莫淹留。 霜前月下谁家种，槛外篱边何处愁。 蜡屐远来情得得，冷吟不尽兴悠悠。 黄花若解怜诗客，休负今朝挂杖头。	character portraiture	opening teaser
	未卜三生愿，频添一段愁。 闷来时敛额，行去几回头。 自顾风前影，谁堪月下俦？ 蟾光如有意，先上玉人楼。	character portraiture	character portraiture
	篱畔秋酣一觉清，和云伴月不分明。 登仙非慕庄生蝶，忆旧还寻陶令盟。 睡去依依随雁断，惊回故故恼蛩鸣。 醒时幽怨同谁诉，衰草寒烟无限情。	character portraiture	opening teaser
	弹琴酌酒喜堪俦，几案婷婷点缀幽。 隔座香分三径露，抛书人对一枝秋。 霜清纸帐来新梦，圃冷斜阳忆旧游。 傲世也因同气味，春风桃李未淹留。	character portraiture	opening teaser
	遭笑还疑哭，杀人不用月。 世风非古昔，步步费推敲。	commentary	part of a scene or a plot
	只为图资便负心，受恩深处已忘贫。 君今莫怨人相负，慎勿他时负别人。	commentary	commentary
	害人还自害，饶人争自饶。 宦情如纸薄，王法似霜高。	commentary	commentary
	小惠人人望报深，谁能夸伐总无心。 丈夫此日施恩去，肉眼应从何处寻？	commentary	commentary
	祸自因公结，奸从积恨生。 如何挟乘矢，暗里使人惊。	commentary	commentary
	对酒情何极，论交谊独深。 三生劳侠骨，一剑老雄心。 兴至谈偏壮，囊空思不禁。 千秋尊友谊，萍水报知音。	commentary	opening teaser
	人生莫漫说贤豪，交到钱财志便消。 谁似此君真侠义，万金挥洒等鸿毛。	commentary	character portraiture
	疑信关头勘假真，当场相识岂无因。 早知奇货逢人卖，悔杀将金赚与人。	commentary	commentary
	银在人何在，赃真盗未真。 当初蒙侠士，今日陷平人。	commentary	commentary
	人家亲弟兄，争竞到钱口。 如何陌路人，死生相断续。 管鲍徒分金，此吾不足读。 恩怨要分明，英雄岂虚哭。	commentary	commentary
	世人好相皮，衣服宜珍直。 西施被菅臬，无盐返葬送。 被褐而怀玉，谁人知孔孟。 春能富贵天，花鸟增妍笑。	commentary	character portraiture
	愁中夫妇难中人，辜负情真与义真。 不使楼头遇知己，春风还笑阮生贫。	commentary	commentary
	带未结同心，空输买笑金。 只愁莺语咽，无处听佳音。	commentary	part of a scene or a plot
	泪尽穷檐不忍闻，凄风吹雨咽孤云。 愚夫底事轻生死，逋累驱人胜溺焚。	commentary	part of a scene or a plot
	谁道愚夫智独超，锱铢着眼祸心包。 驱他陷阱还相谑，不怕扬雄会解嘲。	commentary	commentary
	儿女知春太有情，郎当无那惜深盟。 东风只是牵人恨，吹过南楼不见声。	commentary	part of a scene or a plot
	生意怜衰革，闲情错落花。 路旁相借问，若个孟尝家。	commentary	commentary
	人看是件衣，我看是牀被。 夜里盖着衣，日间穿着被。 人只当一件，我算双宝贝。 传语世间人，出门最省事。	commentary	commentary
	惺惺惜惺惺，好汉识好汉。 对面起风波，寸心存冰炭。	commentary	character portraiture
	雀鼠争粟粒，英雄共死生。 至今青岛上，杯酒吊田横。	commentary	commentary
	一日被蛇螫，三年怕蟮鱼。 与君半夕语，胜读十年书。	commentary	commentary
	一片香烧祝寿眉，九宵无语簇口口。 凭谁伸出通天手，网得人间乞命系。	commentary	commentary
	新官与旧官，方信做人难。 国法深如海，人情险似山。	commentary	commentary
	离来山下网，又入鬼门关。 大道多艰阻，谁能透九还。	commentary	part of a scene or a plot
	钿云久已锁香尘，赚杀多娇泪满巾。 赖有押衙肝胆赤，从空提出网中人。	commentary	part of a scene or a plot
	萍水知交话更深，十年前是受恩人。 人生自有相投处，结义同胞总不分。	commentary	character portraiture
	少妇樽前话合欢，新郎只觉酒肠宽。 泰峰底事翻惊讶，为尔当时不姓干。	commentary	commentary
	笑骂由他笑骂，好官任我为之。 不是老韩同传，路平怎见高低。	commentary	commentary
	白马红缨彩色新，不是亲者强来亲。 试看西门前身事，可作当时劝世文。	commentary	commentary
	天上碧桃和露种，日边红杏倚云栽。 家中巨富人趋奉，手内钱多任意来。	commentary	character portraiture
	湛湛青天不可欺，未曾举意吾先知。 善恶到头终有报，只证来早与来迟。	commentary	commentary
	红牙碧管玉楼春，轻薄东风倍恼人。 台榭月移珠翠冷，湿云细雨怨香尘。	commentary	character portraiture
	红楼莫漫说多情，今日多情仅见卿。 我惜风流当此遇，香奁终不愧题名。	commentary	opening teaser
	无子偏能挣，多财愈觉悭。 想因前世债，积厚待人还。	commentary	commentary
	人中豪杰酒中仙，醒是天真醉近禅。 大地嗤嗤都一醉，问谁得似此君贤。	commentary	character portraiture
	黄金变土岂为奇，土变黄金亦有之。 总是时来便相值，不须惆怅运穷时。	commentary	commentary
	情深莫漫说投梭，深夜携金赠酒徒。 手引红丝牵白面，春风应自值钱多。	commentary	part of a scene or a plot
	蓬生于麻中，不扶而自直。 久追忘其香，如入芝兰室。	commentary	character portraiture
	钟陵烟树锁春寒，对酒情深别去难。 今夜樽前拚一醉，片帆明日过江干。	commentary	opening teaser
	学为身宝洵非讹，今日文章得力多。 早信方兄能愤事，当时休怨读书苛。	commentary	commentary
	情真休叹别离轻，薄命难填孽海平。 漫向春风鼓琴瑟，凄凉应作断肠声。	commentary	part of a scene or a plot
	自古红颜薄命多，名花无主奈如何？ 天心未厌风尘苦，复使美人受折磨。	commentary	character portraiture
	霍霍刀光扑面寒，俨同霜雪舞成团。 英雄独具惊人技，不与优伶一例看。	commentary	character portraiture
	只手能将石担挑，拔山举鼎力偏饶。 如何不作擎天柱，甘把英雄壮志消。	commentary	opening teaser
	茫茫一色水天宽，海上遨游蔚大观。 风静犹翻三尺浪，舟行已过万重峦。 波涛涌日栏边望，岛屿笼烟画里看。 帆力何如轮力速，瞬经千里亦非难。	commentary	opening teaser
	做妓从来都是假，劝君切莫认为真。 迎新送旧寻常事，只重钱财不重人。	commentary	commentary
	巍峨壮丽梵王宫，塔影玲珑透碧空。 忽听清音天半送，原来铃语答秋风。	commentary	opening teaser
	虎是深山百兽王，可怜身入柙中藏。 雄威一世今安在，侮弄随人类犬羊。	commentary	character portraiture
	大错休疑铸九州，利权从此可全收。 愿今天下歌同轨，掣电奔雷快壮游。	commentary	commentary
	斜跨金鳌同玉栋，高瞻凤阙并龙楼。 京华洵是繁华地，气象巍峨迥不侔。	commentary	opening teaser
	鸾飘凤泊觅鸳俦，雌雉飞来牡欲求。 不作羝羊藩自触，竟同狡兔窟先谋。 鹊鸟暂喜双星渡，猿马难将两意收。 恨煞子规声夜送，伯劳飞燕各归休。	commentary	part of a scene or a plot
	尚有今生未了缘，此情此意总缠绵。 试观狐兔重相会，海誓山盟话昔年。	commentary	part of a scene or a plot
	帝皇无事爱闲游，柳绿花红处处优。 毕竟恶人有尽日，霎时父子一同休。	commentary	part of a scene or a plot
	枉设机关巧计谋，良言相劝不回头。 英雄半世今何在？血向梅花桩下流。	commentary	commentary
	节孝堪嘉李小环，闺名久已播人间。 只因夫婿冤仇结，父女同时上鬼关。	commentary	part of a scene or a plot
	长江灯市闹喧天，月朗中秋赛上元， 千朵莲花飞水面，九层珠塔插云端。 金签玉象来三宝，琼阁瑶台列八仙， 普渡慈航逢此节，官民同乐万人欢。	commentary	opening teaser
	欺心奸贼逼明君，天灭全家绝嗣根。 只为帝王洪福大，绿林豪杰也归真。	commentary	commentary
	"好勇贪财送命该，魂归枉自哭泉台，
 如何至死犹难悟，还欲师兄泄恨来。"	commentary	commentary
	手足情真义更深，弟仇兄报反捐生。 虽然惨被奸人算，留得贤名贯古今。	commentary	commentary
	馥郁花香十里开，绦云雨朵共争春。 蓬莱仙种人间发，只为朝王方下尘。	commentary	opening teaser
	金屋修成贮阿娇，银河今夕鹊填桥。 樽开北海宾朋满，乐奏东山粉黛邀。 大白狂飞花侑酒，小红低唱客吹箫。 庆余堂上群芳集，事羡当平艳福消。	commentary	opening teaser
	昔日怜他死，今朝俾尔生。 肯因刀斧惧，豪杰始成名。	commentary	character portraiture
	今宵狐兔喜相逢，共上巫山十二峰。 好梦难长嫌夜短，醒来空自两情浓。	commentary	part of a scene or a plot
	天然绰约美丰姿，能使狂蜂浪蝶痴。 貌似莲花花解语，迷离那得辨雄雌？	commentary	character portraiture
	居以安为胜，何须乔木迁。 犬猫还恋主，燕雀不移檐。 斗室安云陋，高堂未适恬。 如何弃恒产，空受别人嫌。	commentary	commentary
	蜃楼海市本无因，错认亭台面面新。 直待随风都灭没，乱山深处海云昏。	commentary	opening teaser
	名园花柳景初和，风雨抛人此处多。 只道一枝容燕雀，偏生双沼起鼋鼋。 情当好处良非善，事到真时始是讹。 空向春风洒红泪，不堪回首问谁何？	commentary	commentary
	春风拮据燕巢新，掠水衔泥倍苦辛。 正欲抱雏还息影，忽摧风雨堕香尘。	commentary	part of a scene or a plot
	百丈渔竿百尺矶，碧萝盘石坐垂丝。 须知香饵投来久，正是金鳞欲上时。	commentary	character portraiture
	黑风魆地吹琼枝，名花乱落销残泥。 枝头有鸟栖不得，绕树仿徨铩羽垂。 疑团莫破空谅绝，生怕阴柔弄唇舌。 活鬼狰狞乘夜来，衣裳忽溅刀头血。 斯时真假不可知，但见阴风刮地吹。 不是冤家放戕害，只缘资产堪图之。 或擒或纵岂情好，欲使当场自颠倒。 稳料他人见识愚，尽施自己机关巧。 君不见，祁黄羊，以德怨，无所伤。 又不见，韩淮阴，一饭之惠酬千金。 古人器量类如此，恩人成仇愧禽豕。 只知富贵快吾情，那怕千秋污青史。	commentary	commentary
	疑团未释枉惊翔，空向招提谒梵王。 赖得受恩深处好，居停聊许借云房。	commentary	character portraiture
	乱峰深径草堂虚，漫拟临池兴自余。 数载神劳乞米帖，九秋心困换鹅书。 愧无白雪逢人卖，只有黄庭待价沽。 只恐风流输逸少，当年笔阵更何如。	commentary	commentary
	微权自恃敢行苛，不管愚夫积恨多。 翻幸头颅皮血尽，从今打落疥虫窠。	commentary	commentary
	空投山左认囚徒，走遍天涯泪欲枯。 踏破铁鞋无觅处，得来全不费功夫。	commentary	part of a scene or a plot
	十载云泥青眼留，詙来五马事微游。 未凭熊轼临南面，先向云林谒女流。	commentary	character portraiture
	豪杰高怀自出人，达人恩怨要分明。 世间若果空恩怨，天下人心那得平。	commentary	commentary
	当年漂泊苦无栖，今日依然复旧时。 可惜半生空富贵，单单赢得一妖妻。	commentary	character portraiture
	十年前在南雄岭，十年后向南雄住。 中间数载享膏腴，不记前番风雪处。 负他青眼十分恩，锱橐田园悉我踞。 苍苍报施转睫间，来处来从去处去。	commentary	character portraiture
	有焯千里能相会，谁似当年运束通。 今日对君须尽醉，莫随野乌骂喜风。	commentary	character portraiture
	寻访迷香洞里花，依稀金谷斗繁华。 问谁艳福能消受？得入神仙富贵家。	commentary	opening teaser
	夕阳萧鼓木兰舟，西舫东船笑语稠。 待到满江明月上，画中人在镜中收。”	commentary	concluding remarks
	绥绥喜得一雄狐，似漆如胶兴不孤。 戏水鸳鸯空羡慕，穿花蝴蝶假欢娱。 帐中春色销金锁，枕上恩情宝玉呼。 禁锢经年从此始，庐山面目忽然无。	commentary	character portraiture
	怪他底事太风骚，漫诩今朝意气高。 富等烟云容易散，花经霜雪不坚牢。 鸳盟屡背思淫佚，狐媚偏工爱侈豪。 直到徐娘年老后，纵知忏悔亦徒劳。	commentary	commentary
	珠喉一串胜莺啼，月殿曾闻曲咏霓。 台上几声如裂帛，令人哀感使人迷。	commentary	commentary
	凭君豪气三千丈，腰里时钱一个无。 多少世间牛马辈，膳缠金缯字模糊。	commentary	character portraiture
	天子当阳抚万邦，一人有庆兆民康。 君推文武雍熙瑞，臣迈菱龙佐弼良。 四海俱安歌帝德，九重高拱仰垂裳。 钦哉万寿无疆业，喜气庚歌拜手扬。	commentary	opening teaser
	嫖赌场中篾片，文章社内法喜。 虽然牌挂假斯文，不如尊绰白日鬼。	commentary	commentary
	争春花雪不相揖，爱玩诗客论短长， 玉花逊雪三分白，融雪让花一缕香。	commentary	commentary
	基雨朝云。堪笑烟花情不厌， 黄金白招，可怜凤月债难偿。	commentary	commentary
	胡为风月梦？尽是荒唐话。 或可醛痴愚，任他笑与骂。	commentary	commentary
	说到辛酸处，荒唐愈可悲。 由来同一梦，休笑世人痴！	commentary	commentary
	女娲炼石已荒唐，又向荒唐演大荒。 失去幽灵真境界，幻来亲就臭皮囊。 好知运败金无彩，堪叹时乖玉不光。 白骨如山忘姓氏，无非公子与红妆。	commentary	commentary
	欲知前生之姻缘，须看今世之所受， 欲知后世之根由，须查今世之事业。	commentary	commentary
	只谓才不如己，争道巧不犹人。 指望一朝腾霄汉，谁知穷鬼不离身。	commentary	commentary
	雷鸣长空雨骤敛，一轮红日色更鲜。 采虹低垂青天外，浮云半绕碧山颠。 玉人依楼斜阳里，悲鸟飞鸣层林间。 窃思世间万种事，如云变色一瞬间。	commentary	opening teaser
	败北将军失节妇，刺字强徒赃罪官。 低头羞见故乡面，举子落第更应难。	commentary	character portraiture
	烦恼若不横相寻，何由白发鬓边新？ 凭君闭门家里坐，难避含沙射影人！	commentary	character portraiture
	假病原来尽足羞，轻狂终是孽风流。 浑金璞玉真无价，凤凰虽哑胜鸺饄。	commentary	character portraiture
	厚地高天，堪叹古今情不尽， 痴男怨女，可怜风月债难偿。	commentary	commentary
	世人都晓神仙好，惟有功名忘不了！ 古今将相在何方？荒冢一堆草没了。 世人都晓神仙好，只有金银忘不了！ 终朝只恨聚无多，及到多时眼闭了。 世人都晓神仙好，只有姣妻忘不了！ 君生日日说恩情，君死又随人去了。 世人都晓神仙好，只有儿孙忘不了！ 痴心父母古来多，孝顺儿孙谁见了？	commentary	commentary
	自扫门前雪，休贪上溯船。 未来休错过，已去莫留连。	commentary	commentary
	清秋思君夜，寒风透窗隙。 疏竹叶落时，愁人睡也未？	commentary	part of a scene or a plot
	佛说大慈悲，众生多水火。 凭君唱阐提，千劫大因果。 杀人街市中，不复知有我。 妮妮杯酒前，泪落如珠颗。 闻见咸心伤，杀之皆曰可。 堪叹读书人，无知受其祸。	commentary	commentary
	今夜灯前照，犹疑梦里身。 不受苦中苦，怎为人上人。	commentary	commentary
	凭他羽翼冲天去，若个奸雄好到头。 不见曹瞒疑冢在，几回玉碗去荒丘。	commentary	commentary
	平日杀人都市中，争道相逢不相识。 凄凄不似向时声，满座闻之皆掩泣。	commentary	commentary
	人情险似太行山，何地羲皇任闭关。 一日风波惊十二，岂徒出外片时难。	commentary	part of a scene or a plot
	妇人不可出闺门，容易花开蝶骤侵。 古云在家千日好，未可全抛一片心。	commentary	commentary
	冤冤相报几时休，到得回头把债收。 汉武秦皇遗迹处，年年风雨泣长楸。	commentary	commentary
	阮生易堕穷途泪，季布当年髡作奴。 试看卫、霍封侯日，暂屈终伸是丈夫。	commentary	character portraiture
	一时无远虑，千里别家门。 前路多风雨，萧萧断旅魂。	commentary	part of a scene or a plot
	鸢肩火色偶飘蓬，昨日侪奴抗衤乇翁。 不是一番寒透骨，居然千里骋追风。	commentary	part of a scene or a plot
	坐怀不乱柳下惠，见物不取杨四知。 流水落花消息杳，清天明月显心期。	commentary	character portraiture
	煮字难充续命烟，陵阳石里泪难鎸。 可怜俯项甘佣保，空读《离骚》学问天。	commentary	commentary
	团圆今夜三生话，鸡犬犹衔百世恩。 莫道令威重到日，徒将城郭怆归魂。	commentary	concluding remarks
	假托妖魔却是神，只因作合结成亲。 可怜世宦官家子，为骗钱财丧了身。	opening teaser	commentary
	同道中人最要和，擂台欺敌动干戈。 欺人毕竟还欺己，报应昭彰理不说。	opening teaser	commentary
	仗势欺人总不宜，祸到临头悔恨迟。 为官若欲徇情面，管教性命丧当时	opening teaser	commentary
	武艺虽高不可夸，擂台设计把人拿。 岂知更有强中手，天眼原来总不差。	opening teaser	character portraiture
	英雄志气勇除奸，手段高强不是闲。 战处蛟龙潜碧海，舞来猛虎遇深山。	opening teaser	character portraiture
	天地生成大圣人，文才武艺重当今。 帝皇少见称才子，独下江南四海闻。	opening teaser	character portraiture
	祸患皆因强出头，险教性命不能留。 当时若识反间计，何至凄凉作死因。	opening teaser	commentary
	谁家琴韵响嘈嘈，如怨如悲惨切高。 高韵听来如泣，低韵听来如诉。 任尔金刚听得也哀怜，铁汉听之亦悲悼。	opening teaser	commentary
	越奸越诈越贫穷，奸诈原来天不容。 富贵若从奸诈得，世间呆汉吸西风。	opening teaser	commentary
	三百六十宫，秀才穷到底。 睛雨共晨昏，几本烂书纸。 骄语少宾朋，闭户独妻子。 商贾手无钱，朱门不相喜。 有足胡敢扬，有心不副齿。 他人饱欲扬，我饥僵且死。 一朝富贵来，车马如流水。 寄言白眼生，忽将两目视。	opening teaser	character portraiture
	望门投止思张俭，忍死须臾待杜根。 我自横刀向天笑，去留肝胆两昆仑。	opening teaser	character portraiture
	为官岂可性贪赃，纵子胡行更不良。 此日满门皆斩首，至今留下恶名扬。	opening teaser	commentary
	义侠师徒三下潮，奸夫淫妇命难饶。 只因盗印希奇案，三罪同邀赦宥条。	opening teaser	part of a scene or a plot
	父仇不报非人子，友谊何深胜兄弟。 事到渐骄机渐险，贪财有客送残生。	opening teaser	character portraiture
	君臣已自如鱼水，奸贼何劳起毒心。 佛地扫除谓污秽，石莲花放圣人临。	opening teaser	commentary
	诗对风流岂易言，无手含愧夺花船。 圣人自古灵神护，害父欺君万世传。	opening teaser	commentary
	英雄片语便伤心，喜见她磷动义精。 绿林自有真豪杰，出场努力诛奸臣。	opening teaser	opening teaser
	邪正原来自古分，白莲教匪枉劳心。 群雄赴义施威勇，杀贼安邦辅圣君。	opening teaser	commentary
	自古知机为俊杰，只因财利可亡身。 曲直常分仇可报，英布无端惹祸深。	opening teaser	commentary
	前后遥遥两奇冤，学成拳脚也非宜。 只因自负天生勇，同往泉台觅道师。	opening teaser	part of a scene or a plot
	门徒被害痛归心，未报三徒此恨仇。 岂期又遇豪强通，一腔怒气不能收。	opening teaser	part of a scene or a plot
	姑苏天下最繁华，吴王伯业至今夸。 子胥经济兼雄略，一腔忠义在邦家。	opening teaser	character portraiture
	自古豪杰要知主，曾记庆芳把礼施。 台前能识真主命，万岁留名在一时。	opening teaser	commentary
	天下太平世间希，真主闲游谁人知。 为官不用奸贯巧，事到头来恨也迟。	opening teaser	commentary
	从来圣主百灵迎，堪笑庸臣枉用兵。 更有英雄同辅助，水保江山定太平。	opening teaser	commentary
	湛湛青天不可欺，举头三尺有神祗。 善恶到头终有报，只争来早与来迟。	opening teaser	commentary
	奉命督师视长江，为国勤劳到此方， 顺道几番寻圣主，麟阁名留百世芳。	opening teaser	character portraiture
	义胆包天地，忠心贯斗牛。 一朝逢圣主，千古姓名留。	opening teaser	character portraiture
	聚赌窝娼犯禁条，洪基罪恶本难饶。 贪心当铺心难足，利己骗人种祸苗。	opening teaser	commentary
	莫道山人感慨深，乾坤何事肯幽暗。 要离侠冢徒荒草，郭况才名为穴金。 谁道千秋无正史，只缘三天有傍侵。 凝眸细问当年事，大盗何曾在绿林。	opening teaser	commentary
	满纸荒唐言，一把辛酸泪！ 都云作者痴，谁解其中味？	opening teaser	commentary
	红楼五续甚清新，只为时人赞妙文。 余今亦效学三续，无非傀儡假中真。	opening teaser	commentary
	得失微茫莫强优，况从秘密创权谋。 功名纵夺乾坤巧，富贵还贻孙子忧。 大物每教明似镜，至公何取曲如钩。 将军猿臂夸三捷，终向东陵讳故侯。	opening teaser	commentary
	从来时色本难逢，况是梁间君子翁。 盗跖尚能容扼项，叔孙何苦又弯弓。 平生仗剑轻樽酒，此日膏车泣路穷。 信步狂歌燕市里，保佣屠狗将无同。	opening teaser	character portraiture
	恐是仙家好别离，故教迢遰作佳期。 由来碧落银河畔，可要金风玉露时。 清漏暂移相望久，微云未接过水迟。 岂能无意酬乌鹊，惟与蜘蛛乞巧丝。	opening teaser	part of a scene or a plot
	十二阑干映画塘，水心亭子好招凉； 夜深独立无人问，一点流萤过曲廊。 画船载酒听湖歌，十里湖光压芰荷； 行到六桥烟外路，碧湖深处晚凉多。 珠帘不卷夜星低，独倚银屏望翠微； 坐久不知风露冷，满身香影湿罗衣。 一夜新凉透碧棂，谁家玉笛暗中听； 当时七夕真虚度，惆怅牵牛织女星。 三更凉露湿秋千，云母屏风隔半偏； 冰簟银床眠不得，碧天如水夜如烟。 锦帏半掩睡惺忪，昨夜轻寒力更慵； 八尺龙须人未起，月明庭院冷梧桐。 两岸溪光拥板桥，岸花开处泊兰桡； 可怜扶荔宫中柳，瘦尽当年一捻腰。 大堤残柳乱栖鸦，灯火帘栊月又斜； 一夜西风秋不管，隔滩闲煞白苹花。	part of a scene or a plot	opening teaser
	倦倚东床白玉床，为谁销瘦减容光； 今宵始觉房栊冷，卧后清宵细细长。 露床风簟半欹斜，深掩妆窗卧碧纱； 二十五弦弹夜月，不知秋思在谁家？ 象齿薰炉未觉秋，天河迢递笑牵牛； 相思一夜知多少，春入眉心两点愁。 深院沉沉独闭门，为君惆怅又黄昏； 一钩冷雾悬朱箔，金屋无人见泪痕。 月过花西尚未眠，月光如水水如天； 晚来怅望君知否，织女佳期又隔年。 已凉天气未寒时，桂魄初生秋露微； 直道相思了无益，残宵犹得梦依稀。	part of a scene or a plot	part of a scene or a plot
	绮阁辞亲日，爬瓤问字年。 含情依阿母，掩泪整花钿。 临镜还惆怅，妆成亦自怜。 不知为底事，眉黛蹙湘烟。 自画檀蛾浅，梳妆拟大家。 风前停玉佩，天上驻云车。 宛转回鸾袖，逡巡换绣鞋。 娇羞扶不起，妒煞海棠花。 箫管送星蛾，天孙意若何。 轻风吹鹊驾，微雨渡银河。 红泪阑干湿，矜持宝靥酡。 欹斜偎画烛，未敢展双蛾。 灯火拥楼台，端详宝扇开。 双痕留晕脸，羞态压蛾眉。 嫁得乘龙婿，应怜倚凤才。 蓬山应早到，玉漏漫相催。 微觉口脂香，春风夜正长。 寻声轻唤婢，背影暗窥郎。 侧坐犹低首，迟徊末卸妆。 却嫌红烛下，夫婿太轻狂。 背人无语处，睡意已惺忪。 玉箸啼痕浅，鲛绡腻粉红。 牢钩金屈戊，稳放玉玲珑。 春梦迷何处，蓬山十二重。 妆台携手立，私语嘱殷勤。 未必檀郎信，还防侍婢嗔。 低鬟时敛笑，凝睇更含颦。 珍重罗帏里，还疑梦里人。 此夜最魂销，银屏倚素腰。 钗光和影颤，春色泥人娇。 惆怅温家镜，徘徊弄玉箫。 怜他孤馆客，坐听雨潇潇。	part of a scene or a plot	character portraiture
	心上烧香掌上怜，丽娟肤发丽华年。 倾城一笑真无赛，疑是瑶台月下仙。	part of a scene or a plot	character portraiture
	为有春情透脸霞，东风无力舞腰斜。 夜深独背银釭坐，自弄钗头茉莉花。	part of a scene or a plot	character portraiture
	碧玉丰神绛雪肤，凤情天付有谁如？ 歌喉宛转谁堪拟？百八牟尼一串珠。	part of a scene or a plot	character portraiture
	精华欲掩料应难，影自娟娟魄自寒。 一片砧敲千里白，半轮鸡唱五更残。 绿蓑江上秋闻笛，红袖楼头夜倚栏。 博得嫦蛾应借问，缘何不使永团圆！	part of a scene or a plot	commentary
	花色桂香露欲滴，枫叶柳丝如浸水， 西窗梦觉竹影去，淡光隔帘犹以追。	part of a scene or a plot	part of a scene or a plot
	山宅古井半墙隔，竹管引水一条河， 败具烹茶款良友，泉水芳香烈味多。	part of a scene or a plot	character portraiture
	洗襟不消绕渠行，门内潺湲分外清， 幽怀本非殊好洁，滚泉相催净我胸。	part of a scene or a plot	part of a scene or a plot
	前生注定这鸳鸯，不该错配姓肖邮。 太白金星神阻挡，日清素春结凤凰。	part of a scene or a plot	part of a scene or a plot
	绿叶荫荫兮久不落，吾侪相逢兮永不离， 含我梨桔兮味实美，念我生母兮心何恰！	part of a scene or a plot	character portraiture
	独倚东篱思故友，哀吟凄凉增新愁。 此心郁郁无人问，斜生弯枝知也无？ 凉秋已临我何急，盛时既去汝太羞。 艳色秀容今何在？曼立香迹犹楚楚。	part of a scene or a plot	character portraiture
	或来报我花信息，疾驾游车驱向西。 风雨潇潇如催我，冷露严霜增汝威。 强渡险坡与峻谷，方达墙下篱外圃。 几度叩门问家主，哑然一笑答言无。	part of a scene or a plot	commentary
	非银非水映窗寒，拭看晴空护玉盘。 淡淡梅花香欲染，丝丝柳带露初干。 只疑残粉涂金砌，恍若轻霜抹玉栏。 梦醒西楼人迹绝，余容犹可隔帘看。	part of a scene or a plot	opening teaser
	十里珠帘开画靥，两行宫使列瑶阶。 仙裙簇蝶情初定，玉佩和鸾愿未乖。 慧质只应天上有，冰姿直与雪同骸。 明灯更照红绡色，莫令名花宝帐埋。	part of a scene or a plot	character portraiture
	江南词客太翩翩，况在临安画阁前。 己分玉萧成隔世，漫将锦瑟误流年。 惭无叔宝风前度，应有瑶台月下仙。 拚把清樽同一醉，不须惆怅问朱颜。	part of a scene or a plot	opening teaser
	回首当年万事休，元龙豪气尽销磨。 关山跃马秋横塞，风雨闻鸡夜渡河。 前路苍茫愁日暮，唾壶击缺任悲歌。 何须更忆繁华梦，搔首沉吟唤奈何。	part of a scene or a plot	concluding remarks
	一夜西风动客愁，只余身世寄扁舟。 千秋事业怜青史，一代功名负黑头。 蜀国相如今贳酒，天涯王粲莫登楼。 匆匆归去真堪笑，惆怅题诗记玉钩。 梦醒扬州一惘然，可怜往事竟成烟。 桓温种柳只流涕，殷浩书空欲问天。 剩有闲情随逝水，拼将绮思逐华年。 输他绝塞从军客，万里秋风早着鞭。 飘泊谁怜屋上鸟，江湖落拓竟何如。 荒唐槐国三年梦，慷慨苏秦十上书。 纵有文章惊四海，更无涕泪哭穷途。 请缨投笔男儿事，夜半床头啸鹿庐。	part of a scene or a plot	character portraiture
	木落空林水不波，冻云无力被山阿。 淡烘斜照迷鸦阵，浓挟寒烟压鸟窠。 漠漠长天归去懒，沉沉幽谷聚来多。 知因酿雪饶情态，满目氤氲望若何。	part of a scene or a plot	opening teaser
	凄凄如水复如烟，云净风清别一天。 桂冷无花摇镜面，梅疏扶影到帘前。 乌惊老树窥霜下，鹤守空庭藉雪眠。 此夜不知寒几许，欲从高处问婵娟。	part of a scene or a plot	opening teaser
	街柝敲残夜未央，银缸掩映近藜床。 冷侵翠被三更梦，疏透晶帘一豆光。 暗牖风来花琐碎，短檠烟烬影凄凉。 阿谁更向窗前卜，奇吐双葩喜欲狂。	part of a scene or a plot	opening teaser
	帘风窗纸共凌兢，冷到书帷第几层。 鸜鹆眼昏朝有泪，凤凰池浅夜初冰。 凹藏宿墨寒云聚，匣启新晴暖气升。 收拾案头残画稿，闲教呵冻写吴绫。	part of a scene or a plot	opening teaser
	斗室虚明暖气融，坐闻庭树怒号风。 几竿瘦竹摇寒碧，一角斜阳抹淡红。 败叶乱敲声淅沥，冻云低压影朦胧。 天光更觉黄昏好，窈窕凉蟾挂半弓。	part of a scene or a plot	opening teaser
	文自玲珑质自坚，几经雕琢色莹然。 幸无精卫衔填海，赖有娲皇炼补天。 一块徒留形磊落，三生空结意缠绵。 归来青埂谁知己？屹立峰头待米颠。	part of a scene or a plot	character portraiture
	不羡盈盈掌上身，幽芳一缕静无尘。 康成书带留佳话，茂叔芸窗占早春。 号绛果堪餐秀色，名珠未许近鲛人。 东皇有意怜仙骨，白玉雕栏护翠颦。	part of a scene or a plot	character portraiture
	自是灵河不朽身，偶因一念谪红尘。 分来兰蕙瑶池品，占断风花上苑春。 青甫入帘香彻骨，苔初绕砌翠迎人。 芳姿别有销魂处，未许凡葩强效颦。	part of a scene or a plot	character portraiture
	仙机识破愧前身，珠竟沉渊绛委尘。 为报当时甘露泽，酿成今日太虚春。 灵河辜负三生愿，湘馆凄凉再世人。 一自东风吹恨去，青山展却旧眉颦。	part of a scene or a plot	commentary
	万里桥边夜月明，鸳鸯卅六订新盟。 自夸宋艳班香笔，记取花丛众美名。	part of a scene or a plot	character portraiture
	小园辟在绿水洲，菜蔬宜长果易收， 睡起闲暇无他事，但傍溪水学灌输。	part of a scene or a plot	opening teaser
	池塘一夜秋风冷，吹散芰荷红玉影。 蓼花菱叶不胜愁，重露繁霜压纤梗。 不闻永昼敲棋声，燕泥点点污棋枰。 古人惜别怜朋友，况我今当手足情！	part of a scene or a plot	commentary
	红粉不知愁，将军意未休。 掩啼离绣幕，抱恨出青州。 自谓酬王德，讵能复寇仇。 谁题忠义墓，千古独风流。	part of a scene or a plot	commentary
	伶妓由来气味投，翻云覆雨竟忘羞。 那知露水因缘假，空把天长地久谋。	part of a scene or a plot	commentary
	月挂中天夜色寒，清光皎皎影团团。 诗人助兴常思玩，野客添愁不忍观。 翡翠楼边悬玉镜，珍珠帘外挂冰盘。 良宵何用烧银烛，晴彩辉煌映画栏。	part of a scene or a plot	opening teaser
	五陵公子正翩翩，裘马清狂佳客前。 太白豪情穷碧落，冬郎才调况青年。 诗肠对月原如水，剑气凌云快欲仙。	part of a scene or a plot	character portraiture
	识破红尘罢交游，黄花已落情悠悠。 凄风冷雨获远信，来到空山方知秋。 信步荒道人迹稀，流水对岸香气馥。 问讯有缘何得见，迟来簪发就归途。	part of a scene or a plot	opening teaser
	奸夫淫妇太无良，惨害师徒险共亡。 县官欲问谁人杀，林胜黄坤手自残。	part of a scene or a plot	part of a scene or a plot
	丹枫落后大江秋，又见烟波带雪流。 就暖鱼虾浮水面，惊寒鸥鹭聚矶头。 澌澌冻合渔人网，格格冰胶占客舟。 最忆富春江上叟，一竿无恙老羊裘。	part of a scene or a plot	opening teaser
	体态生成月半钩，清风流畅快心愁。 时逢炎热多相爱，秋至寒来却不留。 质似红颜羞薄命，花残纸烂悔难谋。 趁早脱身休落后，免教白骨望谁收。	part of a scene or a plot	commentary
	见说珠兰价最昂，既然惠我我何当。 因怜纤懒频频阅，为爱清奇细细尝。 郑氏声名应泯灭，蒙山品格亦荒唐。 莫言肠胃多宽润，口角于今尚有香。	part of a scene or a plot	commentary
	四般俱是怪物，阴阳形状坚刚。 山珍野味几十桩，未见有此生相。 出于东洋海岛，南方男妇齐尝。 吃在腹内热难当。立使春心荡漾。	part of a scene or a plot	commentary
	吴绫帕儿织回纹，题翰挥毫墨迹新。 寄与多情冯氏姐，愿偕鸾凤百年情。	part of a scene or a plot	character portraiture
	倦倚牙床悉懒动，闲垂纱帐鬓环低。 玉郎一去无消息，每日相思十二时。	part of a scene or a plot	character portraiture
	重贞轻身伴夫亡，非比寻常烈女行。 白首尚难存晚节，少年谁不惜春光。 魂归阴府乾坤壮，血染碑头草木香。 朕泪非教容易落，实因上古正纲常。	part of a scene or a plot	commentary
	贫苦人家稀疏村，流水崖前常掩门， 去彼独木断夜路，凭高居险睡自稳。	part of a scene or a plot	part of a scene or a plot
	红粉面对红粉面，玉酥肩靠玉酥肩。 下来闲处从容立，疑是蟾宫谪降仙。	part of a scene or a plot	character portraiture
	歌声宛转过桥东，惨切悲流血染红。 或向柳梢迎晓日，急从花底怨春风。 飞来阁上呈娇语，愁向檐前诉苦衷。 上苑啼时添万寿，五更叫处命难穷。	part of a scene or a plot	part of a scene or a plot
	席染班红痛煞娇，上枪下叶战摇摇， 风狂雨骤云初散，留住郎君把目瞧。	part of a scene or a plot	part of a scene or a plot
	席面恩情夜夜娇，上歌下舞意摇摇， 风移芍药初羞罢，流滴春红不忍瞧。	part of a scene or a plot	part of a scene or a plot
	一闻春去便相思，可惜桃零与李飞。 流水无情嗟共别，落花有意恨同悲， 花愁柳怨须当借，酒绿灯红却别离， 容易钱春今日去，明年还欲慰相知。	part of a scene or a plot	part of a scene or a plot
	不是赤壁鏖兵，岂是河龙烧锁。 波心上下通红，疑是燃犀照鬼。	part of a scene or a plot	part of a scene or a plot
	琴声弄出怨时乖，丑命生来八字排。 年老双亲今已谢，怨仇虽息将人累。 累着金刚忠义汉，如今遇祸走天涯。 天涯海角何方觅？碧玉情愿结和鸣。	part of a scene or a plot	character portraiture
	飞红额上点胭脂，花粉香流工齿时， 醉向琼楼眠榻上，月光斜度照香肌。	part of a scene or a plot	character portraiture
	养奴秋时不使闲，扫叶抬桠穿林间， 卷诗出检樵夫事，篱门开处到山边。	part of a scene or a plot	opening teaser
	朝罢谁携两袖烟，琴边衾里总无缘。 晓筹不用鸡人报，五夜无烦侍女添。 焦首朝朝还暮暮，煎心日日复年年。 光阴荏苒须当惜，风雨阴晴任变迁。	part of a scene or a plot	character portraiture
	吟罢胯卧梦里游，露洒旧途景自幽。 春风摇摇形如玉，秋水盈盈瓶中留。 神魂自随月影去，怅闻蟋声益增愁。 复念此兴无人诉，独倚北山暗颔首。	part of a scene or a plot	opening teaser
	龙川竹影几千秋，云锁高峰水自流， 万里长江飘玉带，一轮明月滚金球。 远看西北三千界，势压江南十二州， 好景一时看不尽，天缘有分再来游。	part of a scene or a plot	opening teaser
	阔庭远瞩满地金，无语细视怡我心。 良友三径迹犹在，醇酒一杯是知音。 佳人摇风恒相觑，高士悲秋且自吟。 簪发俗态虽凡粗，对花写意有雅因。	part of a scene or a plot	character portraiture
	翁仲将来唤仲雍，十年窗下少夫功。 从今不许为翰林，贬调江南作判通。	part of a scene or a plot	commentary
	生自有缘秀无双，擎移来此分外香。 病愈强立孤影瘦，虑冬心愁一叶霜。 怜色对坐散仙古，说性吟哦诗意长。 再拭净几玉瓶洁，香溢满怀肌增光。	part of a scene or a plot	character portraiture
	风裳水佩出邯郸，手撒珍珠颗颗国。 金谷三千风里碎，江妃一斜雨中寒。 露丹凉滴青铜爵，鲛泪香凝白玉盘。 持赠苏公须仔细，休将遍水误相看。	part of a scene or a plot	opening teaser
	淮杨一望景装成，谁夺尤标显姓名。 蒲艾并悬迎瑞气，藕菱同进祝遐龄。 红莲朵朵鹚鹭聚，绿柳枝枝蝴蝶盈。 日费斛金浑不足，愿将诗酒送升平。	part of a scene or a plot	opening teaser
	金山一点大如举，打破淮扬水底天， 醉倦妙高楼上月，玉箫吹彻洞龙眠。	part of a scene or a plot	opening teaser
	花香月色两相宜，爱月怜花卧独迟， 月落凭漫花送酒，花残还有月催诗。 隔花随月无多影，带月看花别样姿， 多少花前月下客，年年和月醉花枝。	part of a scene or a plot	opening teaser
	开尽心花对月轮，花身月魄两温存， 花朝月夜餐云母，月窟花房绕竹孙。 急系花铃催月镜，高磨月镜照花樽， 拈花弄月怜又惜，重叠花阴罩月墩。	part of a scene or a plot	part of a scene or a plot
	花辉玉菩月凌楼，问月评花尽夜游， 花露朦胧残月度，月波荡漾落花流。 多情月姐花容瘦，解语花姑月佩留， 对月长歌花竞秀，月临花屿雁行秋。	part of a scene or a plot	character portraiture
	形目斑斑落几前，障上叠叠又篱间。 浑身渺渺秋依稀，墨色簇簇洒平原。 新画屋宇神犹实，何惧冷霜性自幻。 晚风息烛月落时，浓露疏花两昏然。	part of a scene or a plot	opening teaser
	铁甲长戈死未忘，堆盘色相喜先尝。 螯封嫩玉双双满，壳凸红脂块块香。 多肉更怜卿八足，助情谁劝我千觞。 对斯佳品酬佳节，桂拂清风菊带霜。	part of a scene or a plot	opening teaser
	清晨东园步自舒，折来艳花增新修。 鬓沾时色千般好，高簪冷香一枝秋。 借得清秀常自比，狂徒却笑饰更丑。 卸墨晚妆忘卸花，娇香枕边一宿友。	part of a scene or a plot	character portraiture
	持螯更喜桂阴凉，泼醋擂姜兴欲狂。 饕餮王孙应有酒，横行公子却无肠。 脐间积冷馋忘忌，指上沾腥洗尚香。 原为世人美口腹，坡仙曾笑一生忙。	part of a scene or a plot	commentary
	秋凉转寒怜玉香，俏姿落纸形自映。 墨滃叶影人自瘦，心灵透竹笔带霜。 素淡能羞三秋月，清明露惭九月阳。 秀容由此宿小屋，罢游尽日默端详。	part of a scene or a plot	character portraiture
	朝起不怠虑种栽，夕雨蒙蒙锄土来。 欲扎远篱相闲地，早备雅诗待花开。 娇女虽惰留此意，愿为赏月饮酒陪。 蹒跚泥水费尽力，厌彼浮浪又掩扉。	part of a scene or a plot	opening teaser
	三三五五聚成围，风雪飘摇何处归。 晓角城西声历乱，夕阳天半影希微。 江枫冷落和双宿，苑柳萧条绕月飞。 指点寒山烟树里，丈人屋在好相依。	part of a scene or a plot	opening teaser
	遥天隐隐接浮岚，如睡峰峦态更憨。 朔雪乍飘疑傅粉，晚烟微漾忽拖蓝。 崖悬碎薜毁红乱，岭秀孤松冷翠酣。 此是山灵真面目，冲寒谁与试同探？	part of a scene or a plot	opening teaser
	菊篱冷落月黄昏，秋去鹃啼血有痕。 谁赋大招词一阕，追思彭泽吊芳魂。	part of a scene or a plot	commentary
	雨过天津柳色新，风光宛似去时春。 可怜玉郎重来地，不见当垆劝酒人。	part of a scene or a plot	character portraiture
	纨扇团团似明月，佳人玉手争皎洁。 五弦琴里熏风多，出入怀袖无时歇。 纨扇团团月一围，佳人玉手正相随。 无劳遮却如花面，春风人间总不知。	part of a scene or a plot	character portraiture
	纨扇团如秋月团，忆曾楼上对羞颜。 初如咫尺不相识，却悔教君仔细看。	part of a scene or a plot	character portraiture
	一夜北风紧，开门雪尚飘。 入泥怜洁白，匝地惜琼瑶。 有意荣枯草，无心饰萎苗。 价高村酿熟，年稔府梁饶。 葭动灰飞管，阳回斗转杓。 寒山已失翠，冻浦不生潮。 易挂疏枝柳，难堆破叶蕉。 麝煤融宝鼎，绮袖笼金貂。 光夺窗前镜，香黏壁上椒。 斜风仍故故，清梦转聊聊。 何处梅花笛，谁家碧玉箫。 鳌愁坤轴陷，龙斗阵云销。 野岸回孤棹，吟鞭指霸桥。 赐裘怜抚戍，加絮念征遥。 坳垤审夷险，枝柯怕动摇。 皑皑轻趁步，剪剪舞随腰。 苦茗成新赏，孤松订久要。 泥鸿从印迹，林斧或闻樵。 伏像千峰凸，盘蛇一径遥。 花缘经冷结，色岂畏霜凋。 深院惊寒雀，空山泣孤。 阶墀随上下，池水任浮漂。 照耀临清晓，缤纷入永宵。 诚忘三尺冷，瑞释九重焦。	part of a scene or a plot	opening teaser
	紫禁春花醉碧桃，何来好鸟语咬咬？ 楼头御妓传新曲，南国夭华与鹊巢。	part of a scene or a plot	opening teaser
	春深宫掖百花繁，灵鹊飞来报喜言。 银汉作桥须努力，一时齐渡两天孙。	part of a scene or a plot	opening teaser
	喜鹊喳喳绕紫宫，凤仙花上起春风。 安巢不待南飞去，三五星稀正在东。	part of a scene or a plot	opening teaser
	报喜微诚只自知，虞廷幸逐凤凰仪。 秦楼春色花千树，三绕宁无借一枝。	part of a scene or a plot	character portraiture
	春风处处黄鸟啼，桃花李花争芳菲。 花阴笑语人不见，花外香尘暗拂衣。 虎丘山寺钟声晓，虎丘山路生芳草。 香车宝马往来多，水色山光领略少。 我来选胜破春愁，典衣独酌梅花楼。 楼中寂寂添幽绪，遥见真娘墓边树。 翠钿罗衫化作尘，墓门留得诗人句。 镜里娇容想昔时，只今烟袅绿杨枝。 可怜不是巫山雨，恼乱襄王起艳思。	part of a scene or a plot	opening teaser
	怅望西风抱闷思，蓼红苇白断肠时。 空篱旧圃秋无迹，冷月清霜梦有知。 念念心随归雁远，廖廖坐听晚砧迟。 谁怜我为黄花瘦，慰语重阳会有期。	part of a scene or a plot	character portraiture
	闲趁霜睛试一游，酒杯乐盏莫淹留。 风前月下谁家种？槛外篱傍何处秋？ 蜡屐远来情得得，冷冷不尽兴悠悠。 黄花若解怜诗客，休负今朝挂杖头。	part of a scene or a plot	opening teaser
	携锄秋圃自移来，篱畔庭前处处栽。 昨夜不期经雨活，今朝犹喜带霜开。 冷吟秋色诗千首，醉酹寒香酒一杯。 泉溉泥封勤护惜，好和井迳绝尘埃。	part of a scene or a plot	opening teaser
	别圃移来贵比金，一丛浅淡一丛深。 萧疏篱畔科头坐，清冷香中抱膝呤。 数去更无君傲世，看来惟有我知音。 秋光荏苒休孤负，相对原宜惜寸阴。	part of a scene or a plot	commentary
	弹琴酌酒喜堪俦，几案婷婷点缀幽。 隔坐香分三迳露，抛书人对一枝秋。 霜清纸帐来新梦，圃冷斜阳忆旧游。 傲世也因同气味，春风桃李未淹留。	part of a scene or a plot	opening teaser
	秋风秋雨独心酸，半面残妆不忍看。 花似徐娘丰韵减，君前相对泪难乾。	part of a scene or a plot	character portraiture
	冷然风驭上神云，莫道芳魂寄孤坟。 园里百花花底月，故人何处不思君。	part of a scene or a plot	character portraiture
	昔访佳期蹑彩云，更将清酌酹荒坟。 深诚未效恩先绝，不怨郎君怨郑君。	part of a scene or a plot	character portraiture
	问昔繁华地，谁家窈窕娘？ 荒凉苏小宅，寂寞薛涛庄。 草带罗裙色，花留宝靥香。 芳魂招不得，惟有暮鸦翔。	part of a scene or a plot	character portraiture
	美人曾倾国，芳魂已上天。 管弦山鸟学，罗绮野花传。 古墓空春草，虚楼自暮烟。 秦天旧声价，今日为谁边？	part of a scene or a plot	character portraiture
	只因轻蝶欠花债，更见巧语情意多， 愿借春风合前缘，红栏新花勿违蝶。	part of a scene or a plot	part of a scene or a plot
	红栏深锁草木静，新花初绽玉蝶轻， 芳气未袭蝶梦去，巧蝶恋花何多情。	part of a scene or a plot	part of a scene or a plot
	恍惚梦中度几秋，年年重阳风雨愁， 但觉今年重阳日，心头悲怆多一俦。	part of a scene or a plot	commentary
	两家姊妹一般娇，一水相隔通小桥， 曾约早来相聚会，迟会泛舟施罚约。	part of a scene or a plot	part of a scene or a plot
	贵家使女清晨起，新施脂粉去采花， 笑耍忘情云鬓乱，母命对镜看自家。	part of a scene or a plot	character portraiture
	玉螭千古镇诗书，好似鬼方宋代儒。 曷不化龙行雨去，九天出入圣神俱。	part of a scene or a plot	opening teaser
	浅绿深黄二月时，傍帘流水一枝枝。 舞风无力纤纤挂，带月留情细细垂。 袅娜未堪持赠别，参差已是好相思。 东皇若识侬青眼，不负春天几尺丝。	part of a scene or a plot	part of a scene or a plot
	诗余戏笔不知狂，岂是丹青费较量。 聚叶泼成千点墨，攒花染出几痕霜。 淡浓神会风前影，跳脱秋生腕底香。 莫认东篱闲彩缀，黏屏聊以慰重阳。	part of a scene or a plot	commentary
	欲摘鲜花犹迟迟，整袖抚鬓暗自思， 竞相攀折连理枝，不知良缘应于谁？	part of a scene or a plot	part of a scene or a plot
	风最轻柔雨最时，根芽长就六朝枝。 傍桥烟浅诗魂瘦，随院春怜画影垂。 拖地黄金应自惜，漫天白雪为谁思。 流莺若问情长短，试验青青一树绿。	part of a scene or a plot	opening teaser
	雨落阶前水满溪，系绳牵出野牛西。 风大吹开杨柳絮，片片飞来好似鸡。 烟迷隐隐山林见，波起飘飘湖不齐。 画也难模春日景，楼中歌曲像莺啼。	part of a scene or a plot	opening teaser
	杨柳遇了春之时，生出一枝又一枝。 况似绿草树上挂，恰如金线条下垂。 穿鱼正好渔翁喜，打马不动奴仆思。 有朝一日干枯了，一担柴挑几万丝。	part of a scene or a plot	opening teaser
	采花美人唱新歌，劝君莫作悄语科， 西岸林中隐身立，眼看鲜花耳听歌。	part of a scene or a plot	opening teaser
	人在花中不知香，远隔对岸气芬芳， 卸妆仙女施隐术，但闻声息人影藏。	part of a scene or a plot	character portraiture
	南渡年来此地游，而今不比旧风流。 湖光山色浑无赖，挥手清吟过十洲。	part of a scene or a plot	opening teaser
	周风兴自后妃，卫女河广思归； 长叹不能奋飞，齐兴硕人其颀； 华观冶容为谁？情伤感我情悲。	part of a scene or a plot	character portraiture
	不知谁家黄花女，远来登舟泛清波， 巾果兰浆不为力，辄到花下争先折。	part of a scene or a plot	character portraiture
	欲讯秋情众莫知，喃喃负手扣东篱。 孤标出世偕谁隐，一样开花为底迟？ 圃露庭霜何寂寞，雁归蛩病可相思。 莫言举世无谈者，解语何妨话片时。	part of a scene or a plot	opening teaser
	无耐诗魔昏晓侵，绕篱欹石自沉音。 毫端蕴秀临霜写，口角噙香对月吟。 满纸自怜题素怨，片言诗解诉秋心。 一从陶令评章后，千古高风说到今。	part of a scene or a plot	commentary
	秋光迭迭复重重，潜度偷移三迳中。 窗隔疏灯描远近，篱筛破月锁玲珑。 寒芳留照魂应驻，霜印传神梦也空。 珍重暗香踏碎处，凭谁醉眼认朦龙？	part of a scene or a plot	opening teaser
	三五元宵会素娥，兰舟风送渡银河。 奚愁一水盈盈隔，妒煞双星别恨多。	part of a scene or a plot	character portraiture
	瓶供篱栽日日忙，折来休认盒中妆。 长安公子因花癖，彭泽先生是酒狂。 短鬓冷沾三迳露，葛巾香染九云霜。 高情不入诗人眼，拍手凭他笑路傍。	part of a scene or a plot	character portraiture
	二分明月照维扬，惹得风流杜牧狂。 十载繁华原一梦，愿离苦海渡慈航。	part of a scene or a plot	concluding remarks
	盈盈三五广寒仙，忽动凡心降九天。 月里霓裳偏不咏，当筵一曲夜行船。	part of a scene or a plot	opening teaser
	团栾三五影娟娟，今夕人圆月亦圆。 载得广寒仙子去，还疑桃叶渡头船。	part of a scene or a plot	character portraiture
	天风习习一舟轻，共历云霄万里程。 身入琉璃新世界，还劳月姊笑相迎。	part of a scene or a plot	character portraiture
	手倦停针夏日长，绿阴深护小横塘。 参差荇藻朱鱼荫，曲折栏干翠盖张。 倒映靓妆花妒色，慢沉香饵水摇光。 借他短钩消炎暑，受用临池六月凉。	part of a scene or a plot	part of a scene or a plot
	东风影里罢梳头，窗外呢喃听不休。 藻井待栖双玉剪，筠帘初上小银钩。 疑将软语商量定，似有柔情宛转留。 衔得新泥重补葺，余香犹记旧妆楼。	part of a scene or a plot	opening teaser
	虾须帘卷玉钩横，遥听花郎唱一声。 恰是小楼人正寂，翻知昨夜雨初晴。 薄寒已向红腔减，新暖应从紫韵生。 悄热炉烟香细细，碧栏干外有啼莺。 旧曾游处记分明，曲曲栏干接上清。 白玉仙坛留月照，紫兰新种带云耕。 谁遗红豆歌芳树，自有青鸾降碧城。 银汉影斜风露净，水晶帘卷坐吹笙。	part of a scene or a plot	opening teaser
	罗衣初换旧轻绡，一瓣心香手自烧。 不解离愁栽豆蔻，为听骤雨种芭蕉。 银钩字细书清楚，红烛风微影动摇。 赋到秋声人意懒，已凉天气乍长宵。	part of a scene or a plot	opening teaser
	初晴小雨柳纤纤，晓起临妆暖气添。 欲效远山眉淡扫，喜簪嫩蕊手轻拈。 鸦环翠腻云三绕，鸾镜先涵月一奁。 甲煎浓薰频顾影，为留香久自垂帘。	part of a scene or a plot	character portraiture
	红叶飘残又几时，连林烟树郁寒姿。 森森远露峰千点，隐隐低悬日半规。 樵径荒凉人散早，巢痕冷落鸟归迟。 朝来忽觉琼瑶灿，瑞雪纷纷缀满枝。	part of a scene or a plot	opening teaser
	浅深相间红兼紫，浓淡咸宜白与黄； 到此疑游陶令宅，四围秋色送秋香。	part of a scene or a plot	opening teaser
	天留傲骨殿群芳，独守孤高晚节香。 不与春风桃李伍，自甘淡泊耐清霜。	part of a scene or a plot	character portraiture
	挑来秋色一肩多，担压黄花曲巷过。 不比清风与明月，买归且问价如何。	part of a scene or a plot	commentary
	自知明月是前身，小谪风尘几十春。 安得仍归天上去，早乘宝筏渡迷津。	part of a scene or a plot	concluding remarks
	珠宫蕊阙仰琼霄，欲伴嫦娥解寂寥。 碧海三千舟可渡，何须乌鹊复填桥？	part of a scene or a plot	opening teaser
	不分男女约同路，半为烧香半玩游。 山色芳葱云上下，水光荡漾月沉浮。 接天灯火摇兰浆，彻夜里歌醉酒搂。 赛会迎神人凑集。繁华端的是扬州。	part of a scene or a plot	opening teaser
	春水船如天上游，！娥今夕启琼楼。 蓝桥有路何须问？定许裴航玉杵投。	part of a scene or a plot	opening teaser
	钱财易得不为奇，几个存留防后资。 鸦片瘾成颜色老，有谁眷恋下桥时。	part of a scene or a plot	commentary
	相公能干住双镶，陪过张郎伴李郎。 熟客关门生客住，让他生客刷锅忙。	part of a scene or a plot	character portraiture
	咄咄屏窗封落晖，飞花故故点春衣。 支颐静听林莺语，抱膝遥看海燕归。 爱把玉钗撩鬓发，闲将金尺整腰围。 卖花墙外声声唤，懒得抬身问是非。	part of a scene or a plot	character portraiture
	银河耿耿客乘槎，误入蟾宫折桂花。 羡煞吴郎修艳福，月中居住便为家。	part of a scene or a plot	character portraiture
	女娘新嫁尚令羞，送子观音默默求。 仲手欲愉罗汉帽，通红粉面几回头。	part of a scene or a plot	character portraiture
	百计千方哄客银，籍名喜乐说酬神。 财门开过娘娘跳，便益端工看女人。	part of a scene or a plot	character portraiture
	叹怀所离经，旷路伤中情；无君房帏清，饰容朗镜明； 纷先珠曜英，思感谁为荣？	part of a scene or a plot	character portraiture
	序后端阳节，龙舟五色鲜。 旅旗光蔽日，锣鼓响喧天。 吊屈传令古，夺标竞后先。 顽童具壮瞻，水上打秋千。	part of a scene or a plot	opening teaser
	篱畔秋酣一觉清，和云伴月不分明。 登仙非慕庄生蝶，忆旧还寻陶令盟。 睡去依依随雁断，惊回故故恼蛩鸣。 醒时幽怨同谁诉，衰草寒烟无恨情。	part of a scene or a plot	opening teaser
	不是姻缘也是缘，前生注定总凭天。 求官谋利皆成就，六甲生男病可痊。	part of a scene or a plot	commentary
	曾记髫年贸棹游，园亭十里景幽幽。 如今满目埋荒冢，草自凄凄水自流。	part of a scene or a plot	character portraiture
	不着蓑衣不驶舟，常倚西窗握钓钩， 遨游仙客捧酒来，抛饵提杆肥鱼出。	part of a scene or a plot	opening teaser
	露凝霜重渐倾欹，宴赏才过小雪时。 蒂有余香金淡泊，枝无全叶翠离披。 半牀落月蛩声切，万里寒云雁阵迟。 明岁秋分知再会，暂时分手莫相思。	part of a scene or a plot	concluding remarks
	记得离亭折柳条，风姿何处玉聪骄？ 春情待梦虚鸳枕，世态依人几绨袍。 其雨日高谁适沐，曰归河广不容刀。 金钱卜惯难凭准，乱剪灯花带泪抛。	part of a scene or a plot	part of a scene or a plot
	红轮当空夏日长，宫院深处绣扇轻， 更衣方欲题诗时，风透窗纱墨云兴。	concluding remarks	opening teaser
	春风香沁百花酿，采蝶飞趁发饰旁， 欲逞少兴秋千戏，又恐诮我发苍苍。	concluding remarks	part of a scene or a plot
	张公吃酒李公醉，喜鹊乌鸦共树飞。 漫道死生浑梦幻，他年重望帝城晖。	concluding remarks	opening teaser
	弱人性情弱花枝，色色聪睿色色禽。 凄雨情泪红犹润，满怀春愁墨不干。	concluding remarks	character portraiture
	说到辛酸处，荒唐愈可悲。 由来同一梦，休笑世人痴！	concluding remarks	commentary
	春来时时往村东，掸袖开怀迎清风， 深榆暗柳无人遇，却闻黄鹂为我鸣。	concluding remarks	opening teaser
	夙缘了却万虑空，何善回心在卷中。 二降尘寰人不识，倏然悔过便超升。	concluding remarks	commentary
	天厌儿女情思深，未得相证前后心。 伤心诗客同千古，双泪洒向竹树林。	concluding remarks	part of a scene or a plot
	芳艳群花各自谢，诸色丽雀四散飞， 东寺晨钟一声响，唤我醒转痴梦里。	concluding remarks	opening teaser
	鸱鸮何须妒鸾鹦，本是恍惚梦一场， 脱却缠绵温柔罟，洗心自隐白云乡。	concluding remarks	character portraiture
	虚话三十篇，泪光照心弦， 痴语人每笑，惆怅有谁怜。	concluding remarks	part of a scene or a plot
